,names,L,R,successful_trials,time_between_breaks,time_since_start,cue_times,mouse_L_reward_time,mouse_R_reward_time
0,M5M6,,,False,,0 days 00:00:00.000613,2023-08-29 11:33:52.000613,,
1,M5M6,,,False,,0 days 00:00:46.000785,2023-08-29 11:34:38.000785,,
2,M5M6,1.000003,1.000058,True,5.499999999991623e-05,0 days 00:01:32.000936,2023-08-29 11:35:24.000936,0.999964,1.999064
3,M5M6,5.000008,6.000108,True,1.0000999999999998,0 days 00:02:19.000206,2023-08-29 11:36:11.000206,5.000094,6.000094
4,M5M6,,1.000004,False,,0 days 00:03:05.000521,2023-08-29 11:36:57.000521,,0.999979
5,M5M6,,5.000007,False,,0 days 00:03:51.000728,2023-08-29 11:37:43.000728,,4.999972
6,M5M6,,9.000013,False,,0 days 00:04:37.000932,2023-08-29 11:38:29.000932,,8.999968
7,M5M6,1.000003,4.000062,True,3.000059,0 days 00:05:24.000131,2023-08-29 11:39:16.000131,1.000869,4.000069
8,M5M6,1.000004,,False,,0 days 00:06:10.000398,2023-08-29 11:40:02.000398,1.000002,
9,M5M6,14.000019,,False,,0 days 00:06:56.000592,2023-08-29 11:40:48.000592,14.000008,
10,M5M6,,,False,,0 days 00:07:42.000806,2023-08-29 11:41:34.000806,,
11,M5M6,,,False,,0 days 00:08:28.000960,2023-08-29 11:42:20.000960,,
12,M5M6,1.000005,,False,,0 days 00:09:15.000112,2023-08-29 11:43:07.000112,1.000888,
13,M5M6,6.000009,,False,,0 days 00:10:01.000333,2023-08-29 11:43:53.000333,6.000067,
14,M5M6,,,False,,0 days 00:10:47.000554,2023-08-29 11:44:39.000554,,
15,M5M6,13.000017,,False,,0 days 00:11:33.000708,2023-08-29 11:45:25.000708,12.999992,
16,M5M6,,,False,,0 days 00:12:19.000919,2023-08-29 11:46:11.000919,,
17,M5M6,,1.000036,False,,0 days 00:13:06.000781,2023-08-29 11:46:58.000781,,1.000219
18,M5M6,,1.000004,False,,0 days 00:13:52.000286,2023-08-29 11:47:44.000286,,1.000014
19,M5M6,12.000016,,False,,0 days 00:14:38.000494,2023-08-29 11:48:30.000494,12.000006,
20,M5M6,,,False,,0 days 00:15:24.000685,2023-08-29 11:49:16.000685,,
21,M5M6,,1.000004,False,,0 days 00:16:10.000840,2023-08-29 11:50:02.000840,,0.99996
22,M5M6,,,False,,0 days 00:16:57.000531,2023-08-29 11:50:49.000531,,
23,M5M6,15.000019,,False,,0 days 00:17:43.000166,2023-08-29 11:51:35.000166,15.000034,
24,M5M6,,,False,,0 days 00:18:29.000368,2023-08-29 11:52:21.000368,,
25,M5M6,,,False,,0 days 00:19:15.000531,2023-08-29 11:53:07.000531,,
26,M5M6,,,False,,0 days 00:20:01.000664,2023-08-29 11:53:53.000664,,
27,M5M6,,7.00001,False,,0 days 00:20:47.000825,2023-08-29 11:54:39.000825,,6.999975
28,M5M6,,2.000049,False,,0 days 00:21:34.000448,2023-08-29 11:55:26.000448,,2.000552
29,M5M6,5.000007,,False,,0 days 00:22:20.000249,2023-08-29 11:56:12.000249,5.000051,
30,M5M6,4.000067,1.000006,True,3.0000609999999996,0 days 00:23:06.000467,2023-08-29 11:56:58.000467,4.000033,1.000033
31,M5M6,,1.000004,False,,0 days 00:23:52.000724,2023-08-29 11:57:44.000724,,0.999976
32,M5M6,5.000008,,False,,0 days 00:24:38.000927,2023-08-29 11:58:30.000927,4.999973,
33,M5M6,,,False,,0 days 00:25:25.000154,2023-08-29 11:59:17.000154,,
34,M5M6,,,False,,0 days 00:26:11.000311,2023-08-29 12:00:03.000311,,
35,M5M6,10.000069,6.00001,True,4.000059,0 days 00:26:57.000458,2023-08-29 12:00:49.000458,10.000042,6.000042
36,M5M6,,,False,,0 days 00:27:43.000734,2023-08-29 12:01:35.000734,,
37,M5M6,,,False,,0 days 00:28:29.000873,2023-08-29 12:02:21.000873,,
38,M5M6,,4.000071,False,,0 days 00:29:16.000293,2023-08-29 12:03:08.000293,,3.999707
39,M5M6,,,False,,0 days 00:30:02.000242,2023-08-29 12:03:54.000242,,
40,M5M6,,7.00001,False,,0 days 00:30:48.000407,2023-08-29 12:04:40.000407,,6.999993
41,M5M6,5.000009,,False,,0 days 00:31:34.000622,2023-08-29 12:05:26.000622,4.999978,
42,M5M6,1.000004,,False,,0 days 00:32:20.000823,2023-08-29 12:06:12.000823,0.999977,
43,M5M6,,,False,,0 days 00:33:07.000332,2023-08-29 12:06:59.000332,,
44,M5M6,,,False,,0 days 00:33:53.000194,2023-08-29 12:07:45.000194,,
45,M5M6,,,False,,0 days 00:34:39.000344,2023-08-29 12:08:31.000344,,
46,M5M6,,13.000018,False,,0 days 00:35:25.000480,2023-08-29 12:09:17.000480,,13.00002
47,M5M6,8.000011,,False,,0 days 00:36:11.000694,2023-08-29 12:10:03.000694,8.000006,
48,M5M6,,,False,,0 days 00:36:57.000910,2023-08-29 12:10:49.000910,,
49,M5M6,,,False,,0 days 00:37:44.000596,2023-08-29 12:11:36.000596,,
50,M5M6,,,False,,0 days 00:38:30.000224,2023-08-29 12:12:22.000224,,
51,M5M6,13.000015,,False,,0 days 00:39:16.000394,2023-08-29 12:13:08.000394,13.000006,
52,M5M6,15.000019,,False,,0 days 00:40:02.000596,2023-08-29 12:13:54.000596,15.000004,
53,M5M6,,15.00002,False,,0 days 00:40:48.000812,2023-08-29 12:14:40.000812,,14.999988
54,M5M6,,,False,,0 days 00:41:35.000357,2023-08-29 12:15:27.000357,,
55,M5M6,,2.000007,False,,0 days 00:42:21.000184,2023-08-29 12:16:13.000184,,2.000016
56,M5M6,1.000003,1.000058,True,5.499999999991623e-05,0 days 00:43:07.000384,2023-08-29 12:16:59.000384,1.000016,1.000016
57,M5M6,,10.000012,False,,0 days 00:43:53.000627,2023-08-29 12:17:45.000627,,9.999973
58,M5M6,,,False,,0 days 00:44:39.000838,2023-08-29 12:18:31.000838,,
59,M5M6,13.000018,,False,,0 days 00:45:25.000971,2023-08-29 12:19:17.000971,13.999029,
60,M5M6,,,False,,0 days 00:46:12.000176,2023-08-29 12:20:04.000176,,
61,M5M6,,,False,,0 days 00:46:58.000335,2023-08-29 12:20:50.000335,,
62,M5M6,15.00008,5.000008,True,10.000072,0 days 00:47:44.000485,2023-08-29 12:21:36.000485,15.000115,5.000015
63,M5M6,,,False,,0 days 00:48:30.000768,2023-08-29 12:22:22.000768,,
64,M5M6,4.000007,,False,,0 days 00:49:16.000915,2023-08-29 12:23:08.000915,3.999985,
65,M5M6,,,False,,0 days 00:50:03.000144,2023-08-29 12:23:55.000144,,
66,M5M6,,,False,,0 days 00:50:49.000305,2023-08-29 12:24:41.000305,,
67,M5M6,,,False,,0 days 00:51:35.000464,2023-08-29 12:25:27.000464,,
68,M5M6,,1.000004,False,,0 days 00:52:21.000607,2023-08-29 12:26:13.000607,,0.999993
69,M5M6,1.000003,,False,,0 days 00:53:07.000813,2023-08-29 12:26:59.000813,0.999987,
70,M5M6,,10.000139,False,,0 days 00:53:54.000161,2023-08-29 12:27:46.000161,,9.999839
71,M5M6,,,False,,0 days 00:54:40.000226,2023-08-29 12:28:32.000226,,
72,M5M6,,1.000004,False,,0 days 00:55:26.000376,2023-08-29 12:29:18.000376,,1.000024
73,M5M6,,,False,,0 days 00:56:12.000602,2023-08-29 12:30:04.000602,,
74,M5M6,,1.000004,False,,0 days 00:56:58.000765,2023-08-29 12:30:50.000765,,1.000035
75,M5M6,,,False,,0 days 00:57:44.000981,2023-08-29 12:31:36.000981,,
76,M5M6,,,False,,0 days 00:58:31.000136,2023-08-29 12:32:23.000136,,
77,M5M6,,,False,,0 days 00:59:17.000296,2023-08-29 12:33:09.000296,,
78,M5M6,,,False,,0 days 01:00:03.000455,2023-08-29 12:33:55.000455,,
79,M5M6,,,False,,0 days 01:00:49.000613,2023-08-29 12:34:41.000613,,
80,M5M6,,,False,,0 days 01:01:35.000738,2023-08-29 12:35:27.000738,,
81,M5M6,,,False,,0 days 01:02:21.000876,2023-08-29 12:36:13.000876,,
82,M5M6,,,False,,0 days 01:03:08.000156,2023-08-29 12:37:00.000156,,
83,M5M6,,3.000006,False,,0 days 01:03:54.000183,2023-08-29 12:37:46.000183,,3.000017
84,M5M6,,,False,,0 days 01:04:40.000391,2023-08-29 12:38:32.000391,,
85,M5M6,11.000016,,False,,0 days 01:05:26.000561,2023-08-29 12:39:18.000561,11.000039,
86,M5M6,,1.000004,False,,0 days 01:06:12.000780,2023-08-29 12:40:04.000780,,1.00002
87,M5M6,,1.000004,False,,0 days 01:06:58.000995,2023-08-29 12:40:50.000995,,1.999005
88,M5M6,,,False,,0 days 01:07:45.000200,2023-08-29 12:41:37.000200,,
89,M5M6,,,False,,0 days 01:08:31.000348,2023-08-29 12:42:23.000348,,
90,M5M6,,,False,,0 days 01:09:17.000488,2023-08-29 12:43:09.000488,,
91,M5M6,,,False,,0 days 01:10:03.000636,2023-08-29 12:43:55.000636,,
92,M5M6,,,False,,0 days 01:10:49.000789,2023-08-29 12:44:41.000789,,
93,M5M6,,,False,,0 days 01:11:35.000954,2023-08-29 12:45:27.000954,,
94,M5M6,,,False,,0 days 01:12:22.000125,2023-08-29 12:46:14.000125,,
95,M5M6,,,False,,0 days 01:13:08.000302,2023-08-29 12:47:00.000302,,
96,M5M6,,,False,,0 days 01:13:54.000456,2023-08-29 12:47:46.000456,,
97,M5M6,,1.000004,False,,0 days 01:14:40.000616,2023-08-29 12:48:32.000616,,0.999984
98,M5M6,,,False,,0 days 01:15:26.000842,2023-08-29 12:49:18.000842,,
99,M5M6,,,False,,0 days 01:16:13.000129,2023-08-29 12:50:05.000129,,
100,M5M6,,7.000011,False,,0 days 01:16:59.000168,2023-08-29 12:50:51.000168,,7.000032
101,M5M6,1.000005,1.000061,True,5.6000000000056005e-05,0 days 01:17:45.000387,2023-08-29 12:51:37.000387,1.000013,1.000113
102,M5M6,,,False,,0 days 01:18:31.000659,2023-08-29 12:52:23.000659,,
103,M5M6,,5.000007,False,,0 days 01:19:17.000823,2023-08-29 12:53:09.000823,,4.999977
104,M5M6,,4.000068,False,,0 days 01:20:04.000375,2023-08-29 12:53:56.000375,,3.999625
105,M5M6,,,False,,0 days 01:20:50.000232,2023-08-29 12:54:42.000232,,
106,M5M6,,,False,,0 days 01:21:36.000403,2023-08-29 12:55:28.000403,,
107,M5M6,,,False,,0 days 01:22:22.000568,2023-08-29 12:56:14.000568,,
108,M5M6,1.000004,,False,,0 days 01:23:08.000723,2023-08-29 12:57:00.000723,0.999977,
109,M5M6,,,False,,0 days 01:23:54.000938,2023-08-29 12:57:46.000938,,
110,M5M6,,,False,,0 days 01:24:41.000873,2023-08-29 12:58:33.000873,,
111,M5M6,,11.000016,False,,0 days 01:25:27.000252,2023-08-29 12:59:19.000252,,11.000048
112,M5M6,,,False,,0 days 01:26:13.000470,2023-08-29 13:00:05.000470,,
113,M5M6,,,False,,0 days 01:26:59.000632,2023-08-29 13:00:51.000632,,
114,M5M6,,,False,,0 days 01:27:45.000789,2023-08-29 13:01:37.000789,,
115,M5M6,,,False,,0 days 01:28:31.000956,2023-08-29 13:02:23.000956,,
116,M5M6,11.000015,,False,,0 days 01:29:18.000120,2023-08-29 13:03:10.000120,11.00088,
117,M5M6,,1.000003,False,,0 days 01:30:04.000330,2023-08-29 13:03:56.000330,,0.99997
118,M5M6,14.000072,1.000004,True,13.000067999999999,0 days 01:30:50.000550,2023-08-29 13:04:42.000550,14.00005,1.00005
119,M5M6,,,False,,0 days 01:31:36.000831,2023-08-29 13:05:28.000831,,
120,M5M6,,14.999173,False,,0 days 01:32:22.000998,2023-08-29 13:06:14.000998,,14.999002
121,M5M6,,,False,,0 days 01:33:09.000233,2023-08-29 13:07:01.000233,,
122,M5M6,12.000017,,False,,0 days 01:33:55.000399,2023-08-29 13:07:47.000399,12.000001,
123,M5M6,1.000004,,False,,0 days 01:34:41.000603,2023-08-29 13:08:33.000603,0.999997,
124,M5M6,13.000073,10.000015,True,3.000058000000001,0 days 01:35:27.000818,2023-08-29 13:09:19.000818,13.000082,9.999982
125,M5M6,,,False,,0 days 01:36:14.000106,2023-08-29 13:10:06.000106,,
126,M5M6,,15.00002,False,,0 days 01:37:00.000287,2023-08-29 13:10:52.000287,,15.000013
127,M5M6,,,False,,0 days 01:37:46.000500,2023-08-29 13:11:38.000500,,
128,M5M6,,,False,,0 days 01:38:32.000661,2023-08-29 13:12:24.000661,,
129,M5M6,,,False,,0 days 01:39:18.000844,2023-08-29 13:13:10.000844,,
130,M5M6,,1.00004,False,,0 days 01:40:05.000117,2023-08-29 13:13:57.000117,,0.999883
131,M5M6,,,False,,0 days 01:40:51.000233,2023-08-29 13:14:43.000233,,
132,M5M6,10.000014,13.000071,True,3.000057,0 days 01:41:37.000411,2023-08-29 13:15:29.000411,9.999989,13.000089
133,M5M6,,,False,,0 days 01:42:23.000694,2023-08-29 13:16:15.000694,,
134,M5M6,,,False,,0 days 01:43:09.000820,2023-08-29 13:17:01.000820,,
135,M5M6,13.999661,,False,,0 days 01:43:55.000984,2023-08-29 13:17:47.000984,13.999016,
136,M5M6,,4.000007,False,,0 days 01:44:42.000189,2023-08-29 13:18:34.000189,,4.000011
137,M5M6,2.000006,,False,,0 days 01:45:28.000419,2023-08-29 13:19:20.000419,1.999981,
138,M5M6,11.000015,,False,,0 days 01:46:14.000650,2023-08-29 13:20:06.000650,11.00005,
139,M5M6,,,False,,0 days 01:47:00.000869,2023-08-29 13:20:52.000869,,
140,M5M6,,,False,,0 days 01:47:47.000174,2023-08-29 13:21:39.000174,,
141,M5M6,,,False,,0 days 01:48:33.000177,2023-08-29 13:22:25.000177,,
142,M5M6,,,False,,0 days 01:49:19.000329,2023-08-29 13:23:11.000329,,
143,M5M6,,2.000005,False,,0 days 01:50:05.000475,2023-08-29 13:23:57.000475,,2.000025
144,M5M6,,1.000004,False,,0 days 01:50:51.000694,2023-08-29 13:24:43.000694,,1.000006
145,M5M6,,1.000005,False,,0 days 01:51:37.000908,2023-08-29 13:25:29.000908,,0.999992
146,M5M6,7.000064,1.000003,True,6.0000610000000005,0 days 01:52:24.000140,2023-08-29 13:26:16.000140,7.00006,1.00086
147,M5M6,,1.000004,False,,0 days 01:53:10.000409,2023-08-29 13:27:02.000409,,0.999991
148,M5M6,,1.000003,False,,0 days 01:53:56.000641,2023-08-29 13:27:48.000641,,0.999959
149,M5M6,,1.000004,False,,0 days 01:54:42.000860,2023-08-29 13:28:34.000860,,1.00004
150,M5M6,,1.000039,False,,0 days 01:55:29.000839,2023-08-29 13:29:21.000839,,1.000161
151,M5M6,,1.000005,False,,0 days 01:56:15.000291,2023-08-29 13:30:07.000291,,1.000009
152,M5M6,,1.000003,False,,0 days 01:57:01.000516,2023-08-29 13:30:53.000516,,0.999984
153,M5M6,1.000004,1.000059,True,5.500000000013827e-05,0 days 01:57:47.000745,2023-08-29 13:31:39.000745,1.000055,1.000055
154,M5M6,,1.000038,False,,0 days 01:58:34.000255,2023-08-29 13:32:26.000255,,0.999745
155,M5M6,,1.000004,False,,0 days 01:59:20.000256,2023-08-29 13:33:12.000256,,1.000044
156,M5M6,,1.000004,False,,0 days 02:00:06.000481,2023-08-29 13:33:58.000481,,1.000019
157,M5M6,,1.000004,False,,0 days 02:00:52.000715,2023-08-29 13:34:44.000715,,0.999985
158,M5M6,,1.000004,False,,0 days 02:01:38.000936,2023-08-29 13:35:30.000936,,0.999964
159,M5M6,,1.000004,False,,0 days 02:02:25.000169,2023-08-29 13:36:17.000169,,1.000031
160,M5M6,,1.000004,False,,0 days 02:03:11.000399,2023-08-29 13:37:03.000399,,1.000001
161,M5M6,,1.000004,False,,0 days 02:03:57.000618,2023-08-29 13:37:49.000618,,0.999982
162,M5M6,,1.000004,False,,0 days 02:04:43.000852,2023-08-29 13:38:35.000852,,1.000048
163,M5M6,,0.999117,False,,0 days 02:05:30.000985,2023-08-29 13:39:22.000985,,1.000015
164,M5M6,,1.000004,False,,0 days 02:06:16.000319,2023-08-29 13:40:08.000319,,0.999981
165,M5M6,,1.000004,False,,0 days 02:07:02.000524,2023-08-29 13:40:54.000524,,0.999976
166,M5M6,,1.000004,False,,0 days 02:07:48.000748,2023-08-29 13:41:40.000748,,1.000052
167,M5M6,,1.000003,False,,0 days 02:08:34.000981,2023-08-29 13:42:26.000981,,1.999019
168,M5M6,,1.000004,False,,0 days 02:09:21.000209,2023-08-29 13:43:13.000209,,0.999991
169,M5M6,,1.000004,False,,0 days 02:10:07.000436,2023-08-29 13:43:59.000436,,0.999964
170,M5M6,,1.000004,False,,0 days 02:10:53.000666,2023-08-29 13:44:45.000666,,1.000034
171,M5M6,,1.000004,False,,0 days 02:11:39.000896,2023-08-29 13:45:31.000896,,1.000004
172,M5M6,,,False,,0 days 02:12:26.000158,2023-08-29 13:46:18.000158,,
173,M5M6,,,False,,0 days 02:13:12.000321,2023-08-29 13:47:04.000321,,
174,M5M6,,,False,,0 days 02:13:58.000502,2023-08-29 13:47:50.000502,,
175,M5M6,,3.000006,False,,0 days 02:14:44.000682,2023-08-29 13:48:36.000682,,3.000018
176,M5M6,,,False,,0 days 02:15:30.000894,2023-08-29 13:49:22.000894,,
177,M5M6,,,False,,0 days 02:16:17.000865,2023-08-29 13:50:09.000865,,
178,M5M6,,1.000004,False,,0 days 02:17:03.000268,2023-08-29 13:50:55.000268,,1.000032
179,M5M6,,1.000004,False,,0 days 02:17:49.000494,2023-08-29 13:51:41.000494,,1.000006
180,M5M6,,3.000007,False,,0 days 02:18:35.000714,2023-08-29 13:52:27.000714,,2.999986
181,M5M6,,1.000004,False,,0 days 02:19:21.000923,2023-08-29 13:53:13.000923,,0.999977
182,M5M6,,1.000003,False,,0 days 02:20:08.000154,2023-08-29 13:54:00.000154,,1.000046
183,M5M6,,1.000004,False,,0 days 02:20:54.000354,2023-08-29 13:54:46.000354,,1.000046
184,M5M6,,1.000004,False,,0 days 02:21:40.000566,2023-08-29 13:55:32.000566,,1.000034
185,M5M6,,,False,,0 days 02:22:26.000800,2023-08-29 13:56:18.000800,,
186,M5M6,,,False,,0 days 02:23:12.000974,2023-08-29 13:57:04.000974,,
187,M5M6,,,False,,0 days 02:23:59.000141,2023-08-29 13:57:51.000141,,
188,M5M6,,,False,,0 days 02:24:45.000331,2023-08-29 13:58:37.000331,,
189,M5M6,,13.000016,False,,0 days 02:25:31.000495,2023-08-29 13:59:23.000495,,13.000005
190,M5M6,,,False,,0 days 02:26:17.000739,2023-08-29 14:00:09.000739,,
191,M5M6,,,False,,0 days 02:27:03.000931,2023-08-29 14:00:55.000931,,
192,M5M6,,,False,,0 days 02:27:50.000969,2023-08-29 14:01:42.000969,,
193,M5M6,,,False,,0 days 02:28:36.000270,2023-08-29 14:02:28.000270,,
194,M5M6,,,False,,0 days 02:29:22.000439,2023-08-29 14:03:14.000439,,
195,M5M6,,,False,,0 days 02:30:08.000606,2023-08-29 14:04:00.000606,,
196,M5M6,,,False,,0 days 02:30:54.000796,2023-08-29 14:04:46.000796,,
197,M5M6,,,False,,0 days 02:31:40.000981,2023-08-29 14:05:32.000981,,
198,M5M6,15.000019,,False,,0 days 02:32:27.000158,2023-08-29 14:06:19.000158,15.000042,
199,M5M6,,,False,,0 days 02:33:13.000395,2023-08-29 14:07:05.000395,,
200,M5M6,,,False,,0 days 02:33:59.000569,2023-08-29 14:07:51.000569,,
201,M5M6,,,False,,0 days 02:34:45.000747,2023-08-29 14:08:37.000747,,
202,M5M6,,,False,,0 days 02:35:31.000901,2023-08-29 14:09:23.000901,,
203,M5M6,,,False,,0 days 02:36:18.000759,2023-08-29 14:10:10.000759,,
204,M5M6,,,False,,0 days 02:37:04.000243,2023-08-29 14:10:56.000243,,
205,M5M6,,,False,,0 days 02:37:50.000405,2023-08-29 14:11:42.000405,,
206,M5M6,,,False,,0 days 02:38:36.000572,2023-08-29 14:12:28.000572,,
207,M5M6,,,False,,0 days 02:39:22.000738,2023-08-29 14:13:14.000738,,
208,M5M6,,,False,,0 days 02:40:08.000909,2023-08-29 14:14:00.000909,,
209,M5M6,,,False,,0 days 02:40:55.000916,2023-08-29 14:14:47.000916,,
210,M5M6,,,False,,0 days 02:41:41.000271,2023-08-29 14:15:33.000271,,
211,M5M6,,,False,,0 days 02:42:27.000449,2023-08-29 14:16:19.000449,,
212,M5M6,,,False,,0 days 02:43:13.000603,2023-08-29 14:17:05.000603,,
213,M5M6,,,False,,0 days 02:43:59.000778,2023-08-29 14:17:51.000778,,
214,M5M6,,,False,,0 days 02:44:45.000968,2023-08-29 14:18:37.000968,,
215,M5M6,,,False,,0 days 02:45:32.000139,2023-08-29 14:19:24.000139,,
216,M5M6,,,False,,0 days 02:46:18.000315,2023-08-29 14:20:10.000315,,
217,M5M6,,,False,,0 days 02:47:04.000498,2023-08-29 14:20:56.000498,,
218,M5M6,15.000019,,False,,0 days 02:47:50.000657,2023-08-29 14:21:42.000657,15.000043,
219,M5M6,,,False,,0 days 02:48:36.000884,2023-08-29 14:22:28.000884,,
220,M5M6,7.000102,,False,,0 days 02:49:23.000540,2023-08-29 14:23:15.000540,7.00046,
221,M5M6,,,False,,0 days 02:50:09.000297,2023-08-29 14:24:01.000297,,
222,M5M6,,,False,,0 days 02:50:55.000471,2023-08-29 14:24:47.000471,,
223,M5M6,,,False,,0 days 02:51:41.000628,2023-08-29 14:25:33.000628,,
224,M5M6,,,False,,0 days 02:52:27.000793,2023-08-29 14:26:19.000793,,
225,M5M6,11.000015,,False,,0 days 02:53:13.000980,2023-08-29 14:27:05.000980,11.99902,
226,M5M6,,,False,,0 days 02:54:00.000225,2023-08-29 14:27:52.000225,,
227,M5M6,,,False,,0 days 02:54:46.000396,2023-08-29 14:28:38.000396,,
228,M5M6,,,False,,0 days 02:55:32.000576,2023-08-29 14:29:24.000576,,
229,M5M6,,,False,,0 days 02:56:18.000753,2023-08-29 14:30:10.000753,,
230,M5M6,,,False,,0 days 02:57:04.000918,2023-08-29 14:30:56.000918,,
231,M5M6,,,False,,0 days 02:57:51.000922,2023-08-29 14:31:43.000922,,
232,M5M6,,,False,,0 days 02:58:37.000269,2023-08-29 14:32:29.000269,,
233,M5M6,,,False,,0 days 02:59:23.000457,2023-08-29 14:33:15.000457,,
234,M5M6,,,False,,0 days 03:00:09.000584,2023-08-29 14:34:01.000584,,
235,M5M6,,,False,,0 days 03:00:55.000766,2023-08-29 14:34:47.000766,,
236,M5M6,10.000014,,False,,0 days 03:01:41.000931,2023-08-29 14:35:33.000931,9.999969,
237,M5M6,9.000013,,False,,0 days 03:02:28.000157,2023-08-29 14:36:20.000157,9.000043,
238,M5M6,,,False,,0 days 03:03:14.000390,2023-08-29 14:37:06.000390,,
239,M5M6,,,False,,0 days 03:04:00.000560,2023-08-29 14:37:52.000560,,
240,M5M6,,,False,,0 days 03:04:46.000729,2023-08-29 14:38:38.000729,,
241,M5M6,,,False,,0 days 03:05:32.000914,2023-08-29 14:39:24.000914,,
242,M5M6,,,False,,0 days 03:06:19.000936,2023-08-29 14:40:11.000936,,
243,M5M6,2.000005,,False,,0 days 03:07:05.000270,2023-08-29 14:40:57.000270,2.00003,
244,M5M6,1.000004,,False,,0 days 03:07:51.000491,2023-08-29 14:41:43.000491,1.000009,
245,M5M6,,,False,,0 days 03:08:37.000711,2023-08-29 14:42:29.000711,,
246,M5M6,,,False,,0 days 03:09:23.000901,2023-08-29 14:43:15.000901,,
247,M5M6,,,False,,0 days 03:10:10.000787,2023-08-29 14:44:02.000787,,
248,M5M6,,,False,,0 days 03:10:56.000246,2023-08-29 14:44:48.000246,,
249,M5M6,,,False,,0 days 03:11:42.000438,2023-08-29 14:45:34.000438,,
250,M5M6,1.000004,,False,,0 days 03:12:28.000628,2023-08-29 14:46:20.000628,0.999972,
251,M5M6,,,False,,0 days 03:13:14.000847,2023-08-29 14:47:06.000847,,
252,M5M6,,,False,,0 days 03:14:01.000124,2023-08-29 14:47:53.000124,,
253,M5M6,1.000003,,False,,0 days 03:14:47.000200,2023-08-29 14:48:39.000200,1.0,
254,M5M6,3.000059,2.000005,True,1.000054,0 days 03:15:33.000427,2023-08-29 14:49:25.000427,3.000073,1.999973
255,M5M6,,,False,,0 days 03:16:19.000716,2023-08-29 14:50:11.000716,,
256,M5M6,9.000013,11.000069,True,2.0000560000000007,0 days 03:17:05.000901,2023-08-29 14:50:57.000901,8.999999,11.999099
257,M5M6,,1.000003,False,,0 days 03:17:52.000196,2023-08-29 14:51:44.000196,,1.000004
258,M5M6,,,False,,0 days 03:18:38.000421,2023-08-29 14:52:30.000421,,
259,M5M6,,,False,,0 days 03:19:24.000614,2023-08-29 14:53:16.000614,,
260,M5M6,,1.000003,False,,0 days 03:20:10.000806,2023-08-29 14:54:02.000806,,0.999994
261,M5M6,,2.000046,False,,0 days 03:20:57.000419,2023-08-29 14:54:49.000419,,2.000581
262,M5M6,,,False,,0 days 03:21:43.000276,2023-08-29 14:55:35.000276,,
263,M5M6,,,False,,0 days 03:22:29.000454,2023-08-29 14:56:21.000454,,
264,M5M6,,,False,,0 days 03:23:15.000629,2023-08-29 14:57:07.000629,,
265,M5M6,,,False,,0 days 03:24:01.000807,2023-08-29 14:57:53.000807,,
266,M5M6,,,False,,0 days 03:24:47.000994,2023-08-29 14:58:39.000994,,
267,M5M6,,,False,,0 days 03:25:34.000171,2023-08-29 14:59:26.000171,,
268,M5M6,,,False,,0 days 03:26:20.000356,2023-08-29 15:00:12.000356,,
269,M5M6,,,False,,0 days 03:27:06.000535,2023-08-29 15:00:58.000535,,
270,M5M6,,,False,,0 days 03:27:52.000706,2023-08-29 15:01:44.000706,,
271,M5M6,,,False,,0 days 03:28:38.000893,2023-08-29 15:02:30.000893,,
272,M5M6,,2.000048,False,,0 days 03:29:25.000641,2023-08-29 15:03:17.000641,,2.000359
273,M5M6,3.000006,,False,,0 days 03:30:11.000308,2023-08-29 15:04:03.000308,2.999992,
274,M5M6,,,False,,0 days 03:30:57.000552,2023-08-29 15:04:49.000552,,
275,M5M6,,,False,,0 days 03:31:43.000732,2023-08-29 15:05:35.000732,,
276,M5M6,8.000013,,False,,0 days 03:32:29.000905,2023-08-29 15:06:21.000905,7.999995,
277,M5M6,,,False,,0 days 03:33:16.000131,2023-08-29 15:07:08.000131,,
278,M5M6,,,False,,0 days 03:34:02.000312,2023-08-29 15:07:54.000312,,
279,M5M6,,,False,,0 days 03:34:48.000488,2023-08-29 15:08:40.000488,,
280,M5M6,,,False,,0 days 03:35:34.000688,2023-08-29 15:09:26.000688,,
281,M5M6,9.000066,1.000003,True,8.000063,0 days 03:36:20.000874,2023-08-29 15:10:12.000874,9.000026,1.000026
282,M5M6,,1.000004,False,,0 days 03:37:07.000203,2023-08-29 15:10:59.000203,,0.999997
283,M5M6,,,False,,0 days 03:37:53.000436,2023-08-29 15:11:45.000436,,
284,M5M6,7.00001,,False,,0 days 03:38:39.000624,2023-08-29 15:12:31.000624,6.999976,
285,M5M6,,,False,,0 days 03:39:25.000842,2023-08-29 15:13:17.000842,,
286,M5M6,,1.000036,False,,0 days 03:40:12.000196,2023-08-29 15:14:04.000196,,0.999804
287,M5M6,1.000004,1.000057,True,5.300000000008076e-05,0 days 03:40:58.000250,2023-08-29 15:14:50.000250,1.00005,1.00005
288,M5M6,14.000073,1.000004,True,13.000069,0 days 03:41:44.000527,2023-08-29 15:15:36.000527,14.000073,0.999973
289,M5M6,,1.000004,False,,0 days 03:42:30.000819,2023-08-29 15:16:22.000819,,0.999981
290,M5M6,,1.000035,False,,0 days 03:43:17.000640,2023-08-29 15:17:09.000640,,1.00036
291,M5M6,,1.000004,False,,0 days 03:44:03.000288,2023-08-29 15:17:55.000288,,1.000012
292,M5M6,,1.000004,False,,0 days 03:44:49.000525,2023-08-29 15:18:41.000525,,0.999975
293,M5M6,,1.000003,False,,0 days 03:45:35.000753,2023-08-29 15:19:27.000753,,1.000047
294,M5M6,,1.000005,False,,0 days 03:46:21.000980,2023-08-29 15:20:13.000980,,1.99902
295,M5M6,,1.000003,False,,0 days 03:47:08.000271,2023-08-29 15:21:00.000271,,1.000029
296,M5M6,,1.000003,False,,0 days 03:47:54.000507,2023-08-29 15:21:46.000507,,0.999993
297,M5M6,,1.000003,False,,0 days 03:48:40.000754,2023-08-29 15:22:32.000754,,1.000046
298,M5M6,,1.000004,False,,0 days 03:49:26.000980,2023-08-29 15:23:18.000980,,1.99902
299,M5M6,,1.000004,False,,0 days 03:50:13.000244,2023-08-29 15:24:05.000244,,1.000056
300,M5M6,,,False,,0 days 03:50:59.000488,2023-08-29 15:24:51.000488,,
301,M5M6,,1.000003,False,,0 days 03:51:45.000671,2023-08-29 15:25:37.000671,,1.000029
302,M5M6,,1.000003,False,,0 days 03:52:31.000900,2023-08-29 15:26:23.000900,,1.0
303,M5M6,,3.000006,False,,0 days 03:53:18.000127,2023-08-29 15:27:10.000127,,3.000873
304,M5M6,,1.000004,False,,0 days 03:54:04.000370,2023-08-29 15:27:56.000370,,1.00003
305,M5M6,,1.000004,False,,0 days 03:54:50.000617,2023-08-29 15:28:42.000617,,0.999983
306,M5M6,,,False,,0 days 03:55:36.000863,2023-08-29 15:29:28.000863,,
307,M5M6,,,False,,0 days 03:56:23.000365,2023-08-29 15:30:15.000365,,
308,M5M6,3.000006,11.00007,True,8.000063999999998,0 days 03:57:09.000219,2023-08-29 15:31:01.000219,2.999981,11.000081
309,M5M6,,,False,,0 days 03:57:55.000503,2023-08-29 15:31:47.000503,,
310,M5M6,,1.000003,False,,0 days 03:58:41.000682,2023-08-29 15:32:33.000682,,1.000018
311,M5M6,7.000065,1.000004,True,6.0000610000000005,0 days 03:59:27.000917,2023-08-29 15:33:19.000917,7.999083,0.999983
312,M5M6,,1.000004,False,,0 days 04:00:14.000189,2023-08-29 15:34:06.000189,,1.000011
313,M5M6,,1.000004,False,,0 days 04:01:00.000402,2023-08-29 15:34:52.000402,,0.999998
314,M5M6,,1.000004,False,,0 days 04:01:46.000620,2023-08-29 15:35:38.000620,,0.99998
315,M5M6,,1.000003,False,,0 days 04:02:32.000865,2023-08-29 15:36:24.000865,,1.000035
316,M5M6,,1.000005,False,,0 days 04:03:19.000113,2023-08-29 15:37:11.000113,,1.000887
317,M5M6,,1.000004,False,,0 days 04:04:05.000351,2023-08-29 15:37:57.000351,,1.000049
318,M5M6,,3.000005,False,,0 days 04:04:51.000590,2023-08-29 15:38:43.000590,,3.00001
319,M5M6,1.000004,1.000058,True,5.3999999999998494e-05,0 days 04:05:37.000816,2023-08-29 15:39:29.000816,0.999984,1.000084
320,M5M6,,0.999109,False,,0 days 04:06:24.000994,2023-08-29 15:40:16.000994,,1.000006
321,M5M6,,1.000003,False,,0 days 04:07:10.000339,2023-08-29 15:41:02.000339,,0.999961
322,M5M6,,1.000003,False,,0 days 04:07:56.000588,2023-08-29 15:41:48.000588,,1.000012
323,M5M6,,1.000003,False,,0 days 04:08:42.000823,2023-08-29 15:42:34.000823,,0.999977
324,M5M6,,1.000034,False,,0 days 04:09:29.000552,2023-08-29 15:43:21.000552,,1.000448
325,M5M6,,1.000004,False,,0 days 04:10:15.000288,2023-08-29 15:44:07.000288,,1.000012
326,M5M6,,1.000004,False,,0 days 04:11:01.000518,2023-08-29 15:44:53.000518,,0.999982
327,M5M6,,1.000004,False,,0 days 04:11:47.000770,2023-08-29 15:45:39.000770,,1.00003
328,M5M6,,1.000034,False,,0 days 04:12:34.000215,2023-08-29 15:46:26.000215,,0.999785
329,M5M6,,1.000004,False,,0 days 04:13:20.000274,2023-08-29 15:47:12.000274,,1.000026
330,M5M6,,1.000003,False,,0 days 04:14:06.000520,2023-08-29 15:47:58.000520,,0.99998
331,M5M6,,1.000003,False,,0 days 04:14:52.000754,2023-08-29 15:48:44.000754,,1.000046
332,M5M6,,1.000005,False,,0 days 04:15:38.000989,2023-08-29 15:49:30.000989,,1.999011
333,M5M6,,1.000004,False,,0 days 04:16:25.000237,2023-08-29 15:50:17.000237,,0.999963
334,M5M6,,1.000006,False,,0 days 04:17:11.000472,2023-08-29 15:51:03.000472,,1.000028
335,M5M6,,1.000003,False,,0 days 04:17:57.000709,2023-08-29 15:51:49.000709,,0.999991
336,M5M6,,1.000003,False,,0 days 04:18:43.000939,2023-08-29 15:52:35.000939,,0.999961
337,M5M6,,1.000004,False,,0 days 04:19:30.000179,2023-08-29 15:53:22.000179,,1.000021
338,M5M6,,1.000004,False,,0 days 04:20:16.000429,2023-08-29 15:54:08.000429,,0.999971
339,M5M6,,1.000003,False,,0 days 04:21:02.000668,2023-08-29 15:54:54.000668,,1.000032
340,M5M6,,1.000003,False,,0 days 04:21:48.000914,2023-08-29 15:55:40.000914,,0.999986
341,M5M6,,1.000003,False,,0 days 04:22:35.000145,2023-08-29 15:56:27.000145,,1.000055
342,M5M6,8.000064,1.000003,True,7.0000610000000005,0 days 04:23:21.000394,2023-08-29 15:57:13.000394,8.000106,1.000006
343,M5M6,4.00006,1.000004,True,3.0000560000000007,0 days 04:24:07.000682,2023-08-29 15:57:59.000682,4.000018,1.000018
344,M5M6,,,False,,0 days 04:24:53.000982,2023-08-29 15:58:45.000982,,
345,M5M6,,,False,,0 days 04:25:40.000154,2023-08-29 15:59:32.000154,,
346,M5M6,,,False,,0 days 04:26:26.000346,2023-08-29 16:00:18.000346,,
347,M5M6,,1.000003,False,,0 days 04:27:12.000543,2023-08-29 16:01:04.000543,,1.000057
348,M5M6,,,False,,0 days 04:27:58.000777,2023-08-29 16:01:50.000777,,
349,M5M6,,,False,,0 days 04:28:44.000964,2023-08-29 16:02:36.000964,,
350,M5M6,,,False,,0 days 04:29:31.000157,2023-08-29 16:03:23.000157,,
351,M5M6,,7.00001,False,,0 days 04:30:17.000354,2023-08-29 16:04:09.000354,,7.000046
352,M5M6,,1.000004,False,,0 days 04:31:03.000594,2023-08-29 16:04:55.000594,,1.000006
353,M5M6,,1.000004,False,,0 days 04:31:49.000856,2023-08-29 16:05:41.000856,,1.000044
354,M5M6,,1.000006,False,,0 days 04:32:36.000169,2023-08-29 16:06:28.000169,,1.000031
355,M5M6,,1.000004,False,,0 days 04:33:22.000419,2023-08-29 16:07:14.000419,,0.999981
356,M5M6,,1.000003,False,,0 days 04:34:08.000646,2023-08-29 16:08:00.000646,,1.000054
357,M5M6,,1.000004,False,,0 days 04:34:54.000900,2023-08-29 16:08:46.000900,,1.0
358,M5M6,,1.000004,False,,0 days 04:35:41.000134,2023-08-29 16:09:33.000134,,1.000866
359,M5M6,,1.000004,False,,0 days 04:36:27.000369,2023-08-29 16:10:19.000369,,1.000031
360,M5M6,,1.000003,False,,0 days 04:37:13.000621,2023-08-29 16:11:05.000621,,0.999979
361,M5M6,,1.000003,False,,0 days 04:37:59.000842,2023-08-29 16:11:51.000842,,0.999958
362,M5M6,,,False,,0 days 04:38:46.000566,2023-08-29 16:12:38.000566,,
363,M5M6,,1.000004,False,,0 days 04:39:32.000257,2023-08-29 16:13:24.000257,,1.000043
364,M5M6,,1.000004,False,,0 days 04:40:18.000509,2023-08-29 16:14:10.000509,,0.999991
365,M5M6,,1.000003,False,,0 days 04:41:04.000758,2023-08-29 16:14:56.000758,,1.000042
366,M5M6,,0.999253,False,,0 days 04:41:51.000873,2023-08-29 16:15:43.000873,,0.999127
367,M5M6,,1.000004,False,,0 days 04:42:37.000263,2023-08-29 16:16:29.000263,,1.000037
368,M5M6,,1.000004,False,,0 days 04:43:23.000488,2023-08-29 16:17:15.000488,,1.000012
369,M5M6,,1.000002,False,,0 days 04:44:09.000723,2023-08-29 16:18:01.000723,,0.999977
370,M5M6,,1.000004,False,,0 days 04:44:55.000948,2023-08-29 16:18:47.000948,,1.999052
371,M5M6,,1.000004,False,,0 days 04:45:42.000175,2023-08-29 16:19:34.000175,,1.000025
372,M5M6,,1.000003,False,,0 days 04:46:28.000434,2023-08-29 16:20:20.000434,,0.999966
373,M5M6,,1.000004,False,,0 days 04:47:14.000677,2023-08-29 16:21:06.000677,,1.000023
374,M5M6,,,False,,0 days 04:48:00.000912,2023-08-29 16:21:52.000912,,
375,M5M6,,,False,,0 days 04:48:47.000118,2023-08-29 16:22:39.000118,,
376,M5M6,,,False,,0 days 04:49:33.000310,2023-08-29 16:23:25.000310,,
377,M5M6,,,False,,0 days 04:50:19.000504,2023-08-29 16:24:11.000504,,
378,M5M6,,,False,,0 days 04:51:05.000684,2023-08-29 16:24:57.000684,,
379,M5M6,,,False,,0 days 04:51:51.000883,2023-08-29 16:25:43.000883,,
380,M5M6,,,False,,0 days 04:52:38.000768,2023-08-29 16:26:30.000768,,
381,M5M6,,14.000018,False,,0 days 04:53:24.000318,2023-08-29 16:27:16.000318,,13.999982
382,M5M6,,,False,,0 days 04:54:10.000571,2023-08-29 16:28:02.000571,,
383,M5M6,,1.000003,False,,0 days 04:54:56.000768,2023-08-29 16:28:48.000768,,1.000032
384,M5M6,,,False,,0 days 04:55:43.000274,2023-08-29 16:29:35.000274,,
385,M5M6,,6.000009,False,,0 days 04:56:29.000189,2023-08-29 16:30:21.000189,,6.000011
386,M5M6,,1.000004,False,,0 days 04:57:15.000430,2023-08-29 16:31:07.000430,,0.99997
387,M5M6,,1.000003,False,,0 days 04:58:01.000679,2023-08-29 16:31:53.000679,,1.000021
388,M5M6,,,False,,0 days 04:58:47.000910,2023-08-29 16:32:39.000910,,
389,M5M6,,1.000003,False,,0 days 04:59:34.000108,2023-08-29 16:33:26.000108,,1.000892
390,M5M6,,1.000003,False,,0 days 05:00:20.000359,2023-08-29 16:34:12.000359,,1.000041
391,M5M6,,,False,,0 days 05:01:06.000612,2023-08-29 16:34:58.000612,,
392,M5M6,,,False,,0 days 05:01:52.000795,2023-08-29 16:35:44.000795,,
393,M5M6,,,False,,0 days 05:02:38.000995,2023-08-29 16:36:30.000995,,
394,M5M6,,,False,,0 days 05:03:25.000181,2023-08-29 16:37:17.000181,,
395,M5M6,,,False,,0 days 05:04:11.000387,2023-08-29 16:38:03.000387,,
396,M5M6,,,False,,0 days 05:04:57.000584,2023-08-29 16:38:49.000584,,
397,M5M6,,13.000017,False,,0 days 05:05:43.000788,2023-08-29 16:39:35.000788,,13.000012
398,M5M6,,,False,,0 days 05:06:30.000155,2023-08-29 16:40:22.000155,,
399,M5M6,,,False,,0 days 05:07:16.000217,2023-08-29 16:41:08.000217,,
400,M5M6,,8.000011,False,,0 days 05:08:02.000404,2023-08-29 16:41:54.000404,,7.999996
401,M5M6,,,False,,0 days 05:08:48.000662,2023-08-29 16:42:40.000662,,
402,M5M6,,,False,,0 days 05:09:34.000847,2023-08-29 16:43:26.000847,,
403,M5M6,,,False,,0 days 05:10:21.000248,2023-08-29 16:44:13.000248,,
404,M5M6,,,False,,0 days 05:11:07.000219,2023-08-29 16:44:59.000219,,
405,M5M6,,,False,,0 days 05:11:53.000394,2023-08-29 16:45:45.000394,,
406,M5M6,,,False,,0 days 05:12:39.000599,2023-08-29 16:46:31.000599,,
407,M5M6,,,False,,0 days 05:13:25.000787,2023-08-29 16:47:17.000787,,
408,M5M6,,,False,,0 days 05:14:11.000985,2023-08-29 16:48:03.000985,,
409,M5M6,,,False,,0 days 05:14:58.000172,2023-08-29 16:48:50.000172,,
410,M5M6,,,False,,0 days 05:15:44.000376,2023-08-29 16:49:36.000376,,
411,M5M6,,,False,,0 days 05:16:30.000580,2023-08-29 16:50:22.000580,,
412,M5M6,,,False,,0 days 05:17:16.000768,2023-08-29 16:51:08.000768,,
413,M5M6,13.000017,,False,,0 days 05:18:02.000954,2023-08-29 16:51:54.000954,13.999046,
414,M5M6,,1.000003,False,,0 days 05:18:49.000195,2023-08-29 16:52:41.000195,,1.000005
415,M5M6,1.000004,2.000061,True,1.0000570000000002,0 days 05:19:35.000438,2023-08-29 16:53:27.000438,0.999962,2.000062
416,M5M6,6.000063,1.000003,True,5.0000599999999995,0 days 05:20:21.000743,2023-08-29 16:54:13.000743,6.000057,1.000057
417,M5M6,,1.000047,False,,0 days 05:21:08.000434,2023-08-29 16:55:00.000434,,1.000566
418,M5M6,,1.000004,False,,0 days 05:21:54.000294,2023-08-29 16:55:46.000294,,1.000006
419,M5M6,,1.000003,False,,0 days 05:22:40.000528,2023-08-29 16:56:32.000528,,0.999972
420,M5M6,,1.000003,False,,0 days 05:23:26.000772,2023-08-29 16:57:18.000772,,1.000028
421,M5M6,,1.000382,False,,0 days 05:24:13.000419,2023-08-29 16:58:05.000419,,0.999581
422,M5M6,,1.000003,False,,0 days 05:24:59.000260,2023-08-29 16:58:51.000260,,1.00004
423,M5M6,,1.000003,False,,0 days 05:25:45.000522,2023-08-29 16:59:37.000522,,0.999978
424,M5M6,,1.000003,False,,0 days 05:26:31.000763,2023-08-29 17:00:23.000763,,1.000037
425,M5M6,,1.000382,False,,0 days 05:27:18.000487,2023-08-29 17:01:10.000487,,0.999513
426,M5M6,,1.000003,False,,0 days 05:28:04.000254,2023-08-29 17:01:56.000254,,1.000046
427,M5M6,,1.000006,False,,0 days 05:28:50.000511,2023-08-29 17:02:42.000511,,0.999989
428,M5M6,,1.000003,False,,0 days 05:29:36.000773,2023-08-29 17:03:28.000773,,1.000027
429,M5M6,,1.000037,False,,0 days 05:30:23.000355,2023-08-29 17:04:15.000355,,0.999645
430,M5M6,,1.000003,False,,0 days 05:31:09.000313,2023-08-29 17:05:01.000313,,0.999987
431,M5M6,,,False,,0 days 05:31:55.000562,2023-08-29 17:05:47.000562,,
432,M5M6,,,False,,0 days 05:32:41.000754,2023-08-29 17:06:33.000754,,
433,M5M6,,,False,,0 days 05:33:27.000957,2023-08-29 17:07:19.000957,,
434,M5M6,,,False,,0 days 05:34:14.000147,2023-08-29 17:08:06.000147,,
435,M5M6,,,False,,0 days 05:35:00.000348,2023-08-29 17:08:52.000348,,
436,M5M6,8.000013,,False,,0 days 05:35:46.000524,2023-08-29 17:09:38.000524,7.999976,
437,M5M6,,1.000005,False,,0 days 05:36:32.000786,2023-08-29 17:10:24.000786,,1.000014
438,M5M6,,1.000033,False,,0 days 05:37:19.000269,2023-08-29 17:11:11.000269,,0.999731
439,M5M6,,1.000003,False,,0 days 05:38:05.000286,2023-08-29 17:11:57.000286,,1.000014
440,M5M6,,1.000004,False,,0 days 05:38:51.000547,2023-08-29 17:12:43.000547,,1.000053
441,M5M6,,1.000003,False,,0 days 05:39:37.000777,2023-08-29 17:13:29.000777,,1.000023
442,M5M6,8.99972,1.000039,True,7.999681,0 days 05:40:24.000388,2023-08-29 17:14:16.000388,9.000612,0.999612
443,M5M6,,1.000003,False,,0 days 05:41:10.000364,2023-08-29 17:15:02.000364,,1.000036
444,M5M6,1.000006,1.000063,True,5.699999999997374e-05,0 days 05:41:56.000622,2023-08-29 17:15:48.000622,0.999978,1.000078
445,M5M6,,6.000009,False,,0 days 05:42:42.000943,2023-08-29 17:16:34.000943,,6.999057
446,M5M6,,1.000003,False,,0 days 05:43:29.000185,2023-08-29 17:17:21.000185,,1.000015
447,M5M6,,1.000004,False,,0 days 05:44:15.000429,2023-08-29 17:18:07.000429,,0.999971
448,M5M6,,1.000004,False,,0 days 05:45:01.000686,2023-08-29 17:18:53.000686,,1.000014
449,M5M6,,1.000004,False,,0 days 05:45:47.000936,2023-08-29 17:19:39.000936,,0.999964
450,M5M6,,1.000003,False,,0 days 05:46:34.000181,2023-08-29 17:20:26.000181,,1.000019
451,M5M6,,1.000003,False,,0 days 05:47:20.000441,2023-08-29 17:21:12.000441,,0.999959
452,M5M6,,1.000003,False,,0 days 05:48:06.000694,2023-08-29 17:21:58.000694,,1.000006
453,M5M6,,1.000003,False,,0 days 05:48:52.000944,2023-08-29 17:22:44.000944,,1.999056
454,M5M6,,1.000004,False,,0 days 05:49:39.000194,2023-08-29 17:23:31.000194,,1.000006
455,M5M6,,1.000003,False,,0 days 05:50:25.000442,2023-08-29 17:24:17.000442,,0.999958
456,M5M6,,1.000004,False,,0 days 05:51:11.000692,2023-08-29 17:25:03.000692,,1.000008
457,M5M6,,1.000004,False,,0 days 05:51:57.000958,2023-08-29 17:25:49.000958,,1.999042
458,M5M6,,1.000004,False,,0 days 05:52:44.000219,2023-08-29 17:26:36.000219,,0.999981
459,M5M6,,1.000004,False,,0 days 05:53:30.000481,2023-08-29 17:27:22.000481,,1.000019
460,M5M6,,1.000003,False,,0 days 05:54:16.000750,2023-08-29 17:28:08.000750,,1.00005
461,M5M6,,1.000004,False,,0 days 05:55:02.000989,2023-08-29 17:28:54.000989,,1.999011
462,M5M6,,1.000003,False,,0 days 05:55:49.000251,2023-08-29 17:29:41.000251,,1.000049
463,M5M6,,1.000003,False,,0 days 05:56:35.000511,2023-08-29 17:30:27.000511,,0.999989
464,M5M6,,1.000003,False,,0 days 05:57:21.000739,2023-08-29 17:31:13.000739,,0.999961
465,M5M6,,1.000003,False,,0 days 05:58:07.000993,2023-08-29 17:31:59.000993,,1.999007
466,M5M6,,1.000004,False,,0 days 05:58:54.000237,2023-08-29 17:32:46.000237,,0.999963
467,M5M6,,1.000004,False,,0 days 05:59:40.000492,2023-08-29 17:33:32.000492,,1.000008
468,M5M6,,1.000004,False,,0 days 06:00:26.000746,2023-08-29 17:34:18.000746,,1.000054
469,M5M6,,1.000366,False,,0 days 06:01:13.000142,2023-08-29 17:35:05.000142,,0.999858
470,M5M6,,1.000003,False,,0 days 06:01:59.000234,2023-08-29 17:35:51.000234,,0.999966
471,M5M6,,1.000004,False,,0 days 06:02:45.000497,2023-08-29 17:36:37.000497,,1.000003
472,M5M6,,1.000003,False,,0 days 06:03:31.000749,2023-08-29 17:37:23.000749,,1.000051
473,M5M6,,1.000003,False,,0 days 06:04:17.000974,2023-08-29 17:38:09.000974,,1.999026
474,M5M6,,1.000005,False,,0 days 06:05:04.000204,2023-08-29 17:38:56.000204,,0.999996
475,M5M6,,1.000003,False,,0 days 06:05:50.000474,2023-08-29 17:39:42.000474,,1.000026
476,M5M6,,1.000003,False,,0 days 06:06:36.000730,2023-08-29 17:40:28.000730,,0.99997
477,M5M6,,1.000003,False,,0 days 06:07:22.000973,2023-08-29 17:41:14.000973,,1.999027
478,M5M6,,1.000004,False,,0 days 06:08:09.000242,2023-08-29 17:42:01.000242,,0.999958
479,M5M6,,1.000004,False,,0 days 06:08:55.000504,2023-08-29 17:42:47.000504,,0.999996
480,M5M6,,,False,,0 days 06:09:41.000756,2023-08-29 17:43:33.000756,,
481,M5M6,,,False,,0 days 06:10:27.000961,2023-08-29 17:44:19.000961,,
